,"Saturated
thickness",Withdrawal,"Field ratio
for corn","Field ratio
for other crops","Behavioral
state changes",Total profit,"Rainfed
field ratio"
"Aquifer
drawdown
rate coef.",1,4.833333333,4.866666667,4.866666667,4.933333333,4.8,4.766666667
Crop price,4.033333333,2.8,2.266666667,2.266666667,1.4,1,2.4
"Electricity
price",4.766666667,4.033333333,3.833333333,3.833333333,3.566666667,4.066666667,3.2
"Initial ratio of
corn fields",3.166666667,2.3,1.433333333,1.433333333,2.8,3.133333333,2.566666667
"Initial well
characteristics",6,6,5.333333333,5.333333333,5.3,6,5.333333333
Precipitation,2.033333333,1.033333333,2.566666667,2.566666667,2.133333333,2,2.066666667
